galaxy,R_R25,SigmaHI_Msun_pc2,e_SigmaHI_Msun_pc2,SigmaSFR_Msun_yr_kpc2,e_SigmaSFR_stat_Msun_yr_kpc2,e_SigmaSFR_Msun_yr_kpc2
NGC2403,1.0253963367708172,4.327873017401185,0.15937113186675766,0.00024300819243318466,2.94738784181047e-05,0.00012502781653062707
NGC2403,1.056949361243651,4.180630937170237,0.14462848825168573,0.00019433995216815243,2.0534096480841264e-05,9.93159270734782e-05
NGC2403,1.0883484685239342,3.9870675601850545,0.13782843154961744,0.00015753810638109134,1.5365789220445316e-05,8.02537925515185e-05
NGC2403,1.120055410189318,3.9304696257606118,0.13597418395360727,0.00013300139898523187,1.2962795280197086e-05,6.775232169072518e-05
NGC2403,1.1514545174696014,3.889280633276986,0.13454925508400706,0.00012410544886591997,1.3860105026680833e-05,6.358178293271975e-05
NGC2403,1.1831614591349853,3.831186849557289,0.12398576590552324,0.00012382560469651423,1.5472797452359853e-05,6.381694567758712e-05
NGC2403,1.2145605664152685,3.675864357057236,0.12726186725498012,0.00013685936158973282,2.0648534499889162e-05,7.147715152886565e-05
NGC2403,1.2461135908881023,3.593813663804626,0.13243949014848466,0.00015495160477840787,2.1896101969855487e-05,8.051049147362899e-05
NGC2403,1.2776666153609357,3.574933551686263,0.1344336220179474,0.00015092395238008546,1.685519733537009e-05,7.732145580445859e-05
NGC2403,1.3092196398337694,3.503034741265335,0.12909409849993425,0.0001492300241094085,2.2722502585221653e-05,7.799815477086023e-05
NGC2403,1.3407726643066031,3.4325819546278438,0.12142372910512522,0.00014242780170461134,2.431434193610764e-05,7.525029500532197e-05
NGC2403,1.3723256887794366,3.3058340284967103,0.11694016365771187,0.0001291549665014884,1.8722909806071926e-05,6.72368849264037e-05
NGC2403,1.4038787132522703,3.190961531653544,0.11279177281843467,0.00010644473448508142,1.2279185143432949e-05,5.4620497642245766e-05
NGC2403,1.4354317377251038,3.054691245530308,0.10797499047811288,8.37289831615539e-05,7.479340114727446e-06,4.252735806358908e-05
NGC2403,1.4669847621979375,2.889244623100329,0.09777938089731064,6.82831779795942e-05,6.197727319475895e-06,3.469956660644067e-05
NGC2403,1.4985377866707712,2.70615670227666,0.08757727685114425,5.456675209020602e-05,4.75113880977561e-06,2.7693969170349288e-05
NGC2403,1.5300908111436047,2.5346708405114486,0.08393591918801402,4.443369384036687e-05,3.6348460491689212e-06,2.2512227630246257e-05
NGC2403,1.5616438356164384,2.388386320892293,0.0826259739601578,3.745669130062841e-05,3.568843069908038e-06,1.9065350027085097e-05
NGC2403,1.593196860089272,2.235354492193204,0.08243946168317073,3.3333108579767614e-05,3.2512103405630365e-06,1.6980706716041838e-05
NGC2403,1.6247498845621056,2.111104852119287,0.0825641338654941,2.8035765470963842e-05,2.588795144316724e-06,1.4254925348277344e-05
NGC2403,1.6563029090349393,2.040816334035822,0.07827952080603295,2.586694252124994e-05,3.061807839795233e-06,1.3290949781608672e-05
NGC2403,1.6878559335077727,1.947791577963433,0.0747113734882161,2.5538156408917602e-05,3.4384430356531856e-06,1.3223927128543045e-05
NGC2403,1.7194089579806064,1.853420047314747,0.07388092266637591,2.3580283358869624e-05,3.3321132081353214e-06,1.2251955731758738e-05
NGC2403,1.7509619824534401,1.7863262668542788,0.07921293803387419,2.0827035197312095e-05,3.280942041829993e-06,1.0918146796016565e-05
NGC2403,1.7825150069262736,1.694669320722756,0.08024700642640237,1.9404769875425495e-05,3.5213855154266098e-06,1.032164858091049e-05
NGC2403,1.8140680313991073,1.6198586680062723,0.07914150316927815,1.9000199889970242e-05,3.848708460950327e-06,1.0250095403560737e-05
NGC2403,1.8456210558719408,1.565926024554426,0.07656410493070609,1.7139057196240694e-05,3.3865862776817777e-06,9.214433623950254e-06
NGC2403,1.8771740803447745,1.4878152970202847,0.07274497309091221,1.3655075874659036e-05,2.7064122322863466e-06,7.3443816252114085e-06
NGC2403,1.9087271048176082,1.4199975062775085,0.06515344361782349,9.04084763848009e-06,1.8707515181754659e-06,4.892232900047642e-06
NGC2403,1.9402801292904417,1.3370381241150542,0.06029526989746714,5.4239256225895034e-06,1.3643047952388946e-06,3.035798060503626e-06
NGC2403,1.9718331537632754,1.2225169857514242,0.05701269753638383,3.548133892335753e-06,1.3321663067706466e-06,2.2185537177134927e-06
NGC2841,1.0480221640757272,1.7412040682712304,0.07983120210404937,6.859216483115271e-05,1.014232628099422e-05,3.5764340500646056e-05
NGC2841,1.1202093273818685,1.6870353505873636,0.07227246329041159,4.8450037513294105e-05,7.632472096946467e-06,2.5398940215500487e-05
NGC2841,1.1925504078805602,1.6174226829168725,0.0729944397268818,3.5162393628748554e-05,5.327550798981501e-06,1.837066354113244e-05
NGC2841,1.2647375711867015,1.576566950766764,0.06991136081610938,2.7804663728579114e-05,3.698974425327476e-06,1.4386008586959327e-05
NGC2841,1.3370786516853932,1.6531058150892644,0.06589600833383336,2.450279836895465e-05,2.7897087044466904e-06,1.2565001258777387e-05
NGC2841,1.409419732184085,1.7836399435121222,0.06975716384533892,2.208602945662448e-05,2.0560307478224962e-06,1.1232784014914227e-05
NGC2841,1.4816068954902262,1.925930109539988,0.07242365672971862,2.1190626209709255e-05,2.034972402782281e-06,1.078896531044519e-05
NGC2841,1.5537940587963674,2.001276932450712,0.07977478526500814,2.062429371656159e-05,2.532508935596703e-06,1.0618567433304156e-05
NGC2841,1.6261351392950592,1.9390173690046018,0.09772550684428283,1.860406478285583e-05,2.2424452698123932e-06,9.568509152385137e-06
NGC2841,1.6984762197937509,1.8914609765246286,0.12372785231572958,1.6247416501533297e-05,1.8850657865623707e-06,8.339550872993229e-06
NGC2841,1.7706633830998924,1.813413030271061,0.14425247686038922,1.3747866116680533e-05,1.8316925138297848e-06,7.113793162284327e-06
NGC2841,1.843004463598584,1.7023378351846843,0.14939153364621993,1.2751332063284546e-05,1.9046536095596765e-06,6.654083161446499e-06
NGC2841,1.9151916269047253,1.5682844510110392,0.1482447553150169,1.095323697146558e-05,1.908234312690096e-06,5.799543795023705e-06
NGC2841,1.9756810835770355,1.473332108532656,0.16995972441429208,1.0136367620830354e-05,2.2494126581052235e-06,5.544938632897438e-06
NGC3198,1.0455594889949207,4.282519472874218,0.18990424981603793,0.00017984648772986425,2.8196336318583347e-05,9.424024177060835e-05
NGC3198,1.122979836847776,3.8196726392908977,0.22381229405383052,0.00012345346047467774,2.051773709580525e-05,6.504741932871578e-05
NGC3198,1.2004001847006311,3.4325819546278438,0.22178711759887926,9.102282847493511e-05,1.293088842049122e-05,4.731275410750846e-05
NGC3198,1.2778205325534862,3.205400888260593,0.20469687976919482,7.644222742525994e-05,1.0234613695697048e-05,3.9567674317982605e-05
NGC3198,1.3552408804063414,3.2029897993437473,0.16612707720835407,7.895608772801814e-05,1.2141048121584115e-05,4.130279647698501e-05
NGC3198,1.4326612282591966,3.2005805240377305,0.12758135562768347,8.25404185268019e-05,1.1299575272051866e-05,4.27891408417331e-05
NGC3198,1.5100815761120516,3.1080189646223872,0.12379848131402604,7.230200266210619e-05,8.558214346433603e-06,3.715020767152324e-05
NGC3198,1.5876558411574573,2.887071345581649,0.12160222698409373,5.485493266265668e-05,7.385637324990069e-06,2.840446352340484e-05
NGC3198,1.664922271817762,2.5137772840925727,0.13794587248446666,4.032325252111349e-05,7.171281054537665e-06,2.1399029076889032e-05
NGC3198,1.7424965368631675,2.2984650719913247,0.14862097551915787,3.169424364336786e-05,6.2579027671673545e-06,1.703797573289186e-05
NGC3198,1.8199168847160228,2.291557288276228,0.1359964073289608,2.7061567022766628e-05,4.5755885281416575e-06,1.428349091821688e-05
NGC3198,1.897337232568878,2.402807363821265,0.12652759858353568,2.457666081717417e-05,3.216533280818892e-06,1.2702328549412568e-05
NGC3198,1.9679852239495152,2.390184207288506,0.12936505581969326,2.039281240668146e-05,2.686322088528826e-06,1.0544336196595932e-05
NGC3521,1.0520240110820378,6.424556269739013,0.4392762677261044,8.635241935591244e-05,1.1245101843027404e-05,4.461655967928162e-05
NGC3521,1.112051716176697,6.117884972498305,0.4186226360348684,7.246540419711953e-05,1.066052658854614e-05,3.7768446201929946e-05
NGC3521,1.1722333384639063,5.448469320624652,0.3274467144584059,6.400429972921263e-05,1.0645403817957189e-05,3.372628379178619e-05
NGC3521,1.232414960751116,4.765457219663559,0.23282614409642255,5.918644051863006e-05,9.487798622493128e-06,3.107695300407226e-05
NGC3521,1.292442665845775,4.0505718469678715,0.16451180571125468,5.0231990990577665e-05,7.65432929381996e-06,2.6256465616255347e-05
NGC3521,1.3526242881329844,3.3813098319720236,0.14994096608398522,3.825425412325411e-05,5.286550212855335e-06,1.984425868569211e-05
NGC3521,1.4126519932276436,2.869743872543017,0.16815157216719312,2.9529863393835056e-05,3.3176269235049178e-06,1.5133071612141556e-05
NGC3521,1.472833615514853,2.452124314376826,0.17504502931757493,2.3001952690909108e-05,2.2262283352665206e-06,1.1714458993032872e-05
NGC3521,1.532861320609512,2.1000141557086565,0.17494854350215094,1.7930597891191586e-05,1.6679381108278258e-06,9.119133880224203e-06
NGC3521,1.5930429428967217,1.8161441945791421,0.1824725231861002,1.4878152970202862e-05,1.936025643653433e-06,7.686875453919672e-06
NGC3521,1.653224565183931,1.5321247126260973,0.16521870793809046,1.1528285037182132e-05,1.5955518567289145e-06,5.980896647003729e-06
NGC3521,1.7132522702785902,1.3240226811326585,0.1547284070599132,9.366312151765114e-06,1.3588066351775568e-06,4.876300472989566e-06
NGC3521,1.773279975373249,1.1835936169731438,0.15579616960576803,7.949261748124692e-06,1.0643020997469427e-06,4.114660319464458e-06
NGC3521,1.8334615976604587,1.0151633908762268,0.14039620481693266,6.675899712129884e-06,8.24774588391584e-07,3.4383371509001953e-06
NGC3521,1.893643219947668,0.8480693594806018,0.11847434779317317,5.518614597261171e-06,7.02569168049699e-07,2.8473461686577673e-06
NGC3521,1.9536709250423272,0.690063233552443,0.09595435947230974,5.141751827683928e-06,6.424946179349753e-07,2.649943829300569e-06
NGC5055,1.0001539171925504,1.6271886582704425,0.14902799522455856,3.30583402849671e-05,3.470713497754242e-06,1.6889621599747674e-05
NGC5055,1.042635062336463,1.5379000270557552,0.12011347077165291,2.702087114289435e-05,2.755514644920975e-06,1.378857245289008e-05
NGC5055,1.085270124672926,1.4104133343660943,0.10272845785556195,2.431911197592716e-05,2.805388917740602e-06,1.2478982683063662e-05
NGC5055,1.1277512698168386,1.120331134118607,0.08419184847812544,1.96990119859098e-05,2.0384987210907985e-06,1.0058242656704168e-05
NGC5055,1.1703863321533015,0.9681612859110043,0.08429801084751859,1.643184291506274e-05,1.9078985122008972e-06,8.434538643528927e-06
NGC5055,1.2128674772972141,0.9047653244774712,0.07679353703489439,1.5980662191823466e-05,2.115553350550337e-06,8.265649218380777e-06
NGC5055,1.255502539633677,0.852548224432816,0.06599404802752451,1.3966836179100248e-05,2.0246980905257236e-06,7.271006159482635e-06
NGC5055,1.2979836847775896,0.8094125514266706,0.06017191294584173,1.2466703596600786e-05,2.1906623396007987e-06,6.607092865059488e-06
NGC5055,1.3406187471140527,0.7356422544596414,0.0541344041111097,1.0037694806317424e-05,1.8153584594828577e-06,5.337073691884807e-06
NGC5055,1.3830998922579651,0.6645826813301732,0.04594069446826127,7.284811199746402e-06,1.136629357688556e-06,3.815631645055265e-06
NGC5055,1.4257349545944282,0.6304827410488876,0.04453249282084726,6.448773510165334e-06,9.258359890187784e-07,3.354674682426734e-06
NGC5055,1.4682160997383407,0.6458485947292377,0.04464566079848081,6.74660008296753e-06,9.076751826518505e-07,3.4932831844951306e-06
NGC5055,1.5108511620748037,0.6797558301987454,0.04951049912331523,7.047567038305574e-06,1.1721743285107e-06,3.7136293496083195e-06
NGC5055,1.5533323072187164,0.7312271154469754,0.058211076636673076,8.455205803922965e-06,2.1776579931983034e-06,4.755504245820165e-06
NGC5055,1.5959673695551793,0.7736812848316518,0.06217303586130718,9.068100817096777e-06,2.909920156723662e-06,5.3875085545885185e-06
NGC5055,1.638448514699092,0.8167544385405193,0.06497077542702762,9.109134699877209e-06,2.8173621470855198e-06,5.355521749835126e-06
NGC5055,1.6810835770355548,0.905446397407095,0.07543117174473801,9.969946100990293e-06,2.8101661312800556e-06,5.722498580127076e-06
NGC5055,1.7235647221794674,0.9240304320176025,0.07489421022991383,8.859018751032109e-06,2.7645967060296596e-06,5.221450780652315e-06
NGC5055,1.7661997845159305,0.893265153038049,0.06511057833383005,5.432094545952699e-06,1.7390515163037266e-06,3.225091156138157e-06
NGC5055,1.808680929659843,0.862874654332956,0.0609010413866094,3.700842932530578e-06,9.155858937681146e-07,2.064547682104373e-06
NGC5055,1.851315991996306,0.8366600257648602,0.05783590770156577,3.098678155814085e-06,7.075721599110124e-07,1.7032644949657643e-06
NGC5055,1.8937971371402185,0.810021846414841,0.055384894851916666,3.453307836070009e-06,1.0496732246718286e-06,2.0206799922943234e-06
NGC5055,1.9364321994766815,0.7690378451660783,0.05485651506016992,4.171204073137307e-06,1.1500823768251687e-06,2.3816853966095405e-06
NGC5055,1.9789133446205942,0.732879678705364,0.052277303886795246,4.572257899889837e-06,1.2981013879546442e-06,2.628964204622427e-06
NGC7331,1.0143142989071878,3.948255315746703,0.3907506624003154,8.192165035469885e-05,1.2359856161741446e-05,4.278498853042175e-05
NGC7331,1.069108819455133,3.1527737828244438,0.3497290970844753,5.192296413283927e-05,8.479678591536696e-06,2.731123395419537e-05
NGC7331,1.1239033400030785,2.388386320892293,0.27033077877016387,3.3762249313593905e-05,5.687432337624014e-06,1.7813457167921375e-05
NGC7331,1.1786978605510237,1.9000199889970242,0.2036159819669635,2.1953474686017318e-05,3.47230840164759e-06,1.151284883656314e-05
NGC7331,1.233646298291519,1.5069698906230191,0.16930535083633236,1.4833438319521117e-05,1.9971658042919208e-06,7.680911036107134e-06
NGC7331,1.2884408188394643,1.179148838265361,0.1429085467030412,9.24030432017603e-06,1.3941226988665315e-06,4.825907591516942e-06
NGC7331,1.3432353393874095,0.8746414707015758,0.10476712778385777,6.400429972921263e-06,1.0974582999937142e-06,3.3831628219452153e-06
NGC7331,1.3980298599353547,0.6285878945862029,0.06462328449000626,4.476930909467822e-06,8.387482688351576e-07,2.390444780895612e-06
NGC7331,1.4528243804833,0.46033277321639043,0.04971536062787815,2.8014677087401615e-06,6.814738952633061e-07,1.5577104996448494e-06
NGC7331,1.5076189010312453,0.3532150627731122,0.045765429828670795,2.286390078038131e-06,6.439656679401829e-07,1.3120924810101797e-06
NGC7331,1.5625673387717407,0.3186162881706186,0.05526856059529833,2.2286363803772744e-06,6.8761783365259e-07,1.3093980732162242e-06
NGC7331,1.617361859319686,0.29730527468961865,0.06793970832162612,2.3175690355613496e-06,6.372546253275236e-07,1.3224503832467641e-06
NGC7331,1.672156379867631,0.23228067098160962,0.05286574758959359,2.1334622724458353e-06,6.279317295320038e-07,1.2378261485121771e-06
NGC7331,1.7269509004155765,0.1558872003832209,0.030896571344357693,1.6431842915062738e-06,5.405237303416942e-07,9.83452874837297e-07
NGC7331,1.781899338156072,0.10822154393946956,0.01996462379513609,1.2485479581626838e-06,3.831385199832214e-07,7.324705635402593e-07
NGC7331,1.8366938587040171,0.08094125514266702,0.014172848215462115,1.2589254117941661e-06,3.9923243864932133e-07,7.453924055054236e-07
NGC7331,1.8914883792519623,0.06201313114319642,0.011533473416539968,1.4136008491700153e-06,4.7536256426912013e-07,8.517842495033942e-07
NGC7331,1.9462828997999075,0.04687216703642867,0.010240817966650943,1.96990119859098e-06,7.29032954284923e-07,1.225404721504674e-06
NGC7331,1.9869170386332153,0.03548133892335755,0.01169825280330159,2.3937840412412344e-06,1.4112739717991413e-06,1.850471489243492e-06
NGC7793,1.0266276743112206,3.0823992397451434,0.17146902760919192,0.0001188055150188178,2.2168711950433654e-05,6.340456915130751e-05
NGC7793,1.074342004001847,2.5673029756722663,0.1486111817902891,6.984215755250435e-05,7.0172152362164204e-06,3.5619138852147986e-05
NGC7793,1.1222102508850238,2.1254504282229227,0.10864007510795659,4.7190677146757165e-05,4.286489317819556e-06,2.3981534418467646e-05
NGC7793,1.1699245805756504,1.7425147804788796,0.089066738096652,3.924558884538682e-05,5.4571598031479606e-06,2.0367490126973953e-05
NGC7793,1.2176389102662768,1.4339564035392143,0.07119112610626199,2.950765115616905e-05,3.623318754496782e-06,1.519222853913241e-05
NGC7793,1.2653532399569032,1.105258980363255,0.053999684555784855,2.169074705081414e-05,1.6300395780004903e-06,1.0967185415203328e-05
NGC7793,1.3130675696475296,0.8442490648167112,0.043788035042329254,1.8450709534139357e-05,1.4282324169380145e-06,9.335256740716231e-06
NGC7793,1.3609358165307064,0.6517068526309494,0.037724774390897164,1.69722164624678e-05,2.210178985671803e-06,8.769203159975312e-06
NGC7793,1.408650146221333,0.5383264906263927,0.03397254301315017,1.7596440956292085e-05,4.677051722772933e-06,9.964110416869217e-06
NGC7793,1.4563644759119594,0.44333500736357273,0.029979220115032595,1.393534249606313e-05,3.4108249790693353e-06,7.75771678127586e-06
NGC7793,1.5042327227951362,0.37175895433309286,0.029874553324038045,9.275135468342338e-06,1.1249588434370878e-06,4.772061073420249e-06
NGC7793,1.5519470524857626,0.3310812914032633,0.031046906114430728,7.208470695348553e-06,9.170127235660704e-07,3.7190623518041176e-06
NGC7793,1.5996613821763892,0.30045385302046934,0.0297576800033576,8.112418126987296e-06,2.5090879106895316e-06,4.769523467846277e-06
NGC7793,1.6473757118670156,0.2714314274986767,0.028496915181272883,9.373362755368494e-06,3.4848829141725422e-06,5.84032458527983e-06
NGC7793,1.695090041557642,0.24246023562394156,0.029589851946179357,5.821470214513302e-06,1.8842030841558734e-06,3.467362128038964e-06
NGC7793,1.7428043712482684,0.19967642725632526,0.028366439983403546,3.37622493135939e-06,6.472917791011911e-07,1.8079575061585835e-06
NGC7793,1.7906726181314452,0.15506824645394648,0.02522691175811273,3.59651895006429e-06,7.911972447824519e-07,1.9646196119590754e-06
NGC7793,1.8383869478220718,0.11800364566698388,0.020396020845838213,4.221727486624077e-06,1.0928505751634972e-06,2.376987194425855e-06
NGC7793,1.8861012775126982,0.07428737845193603,0.012895910495881128,2.1658127948026147e-06,6.594580418896353e-07,1.2679003015007094e-06
NGC7793,1.933969524395875,0.04826809187583695,0.008518039054220345,1.0636466720846914e-06,3.3908625236161315e-07,6.307262062891103e-07
NGC7793,1.9789133446205942,0.03675864357057234,0.007340812691192217,1.7903633397331931e-06,9.402806582443145e-07,1.298259580489784e-06
